{"cameraMode":{"drawMode":0,"name":"Shaded","section":"Shading Mode"},"sceneLighting":true,"audioPlay":false,"sceneViewState":{"showFog":true,"showMaterialUpdate":false,"showSkybox":true,"showFlares":true,"showImageEffects":true,"showParticleSystems":true},"in2DMode":false,"pivot":{"x":-0.9624434113502502,"y":4.259366989135742,"z":-2.842893600463867},"rotation":{"x":0.16009022295475007,"y":-0.01835726574063301,"z":0.002977515570819378,"w":0.9869272112846375},"size":-0.6799267530441284,"orthographic":false}